"0","library(tidyverse)"
"2","Registered S3 methods overwritten by 'dbplyr':
  method         from
  print.tbl_lazy     
  print.tbl_sql      
"
"1","-- [1mAttaching packages[22m ------------------------------------------------------------------------ tidyverse 1.3.2 --
"
"1","[32mv[39m [34mggplot2[39m 3.3.6      [32mv[39m [34mpurrr  [39m 0.3.4 
[32mv[39m [34mtibble [39m 3.1.8      [32mv[39m [34mdplyr  [39m 1.0.10
[32mv[39m [34mtidyr  [39m 1.2.1      [32mv[39m [34mstringr[39m 1.4.1 
[32mv[39m [34mreadr  [39m 2.1.2      [32mv[39m [34mforcats[39m 0.5.2 
"
"1","-- [1mConflicts[22m --------------------------------------------------------------------------- tidyverse_conflicts() --
[31mx[39m [34mtidyr[39m::[32mexpand()[39m masks [34mMatrix[39m::expand()
[31mx[39m [34mdplyr[39m::[32mfilter()[39m masks [34mstats[39m::filter()
[31mx[39m [34mdplyr[39m::[32mlag()[39m    masks [34mstats[39m::lag()
[31mx[39m [34mtidyr[39m::[32mpack()[39m   masks [34mMatrix[39m::pack()
[31mx[39m [34mdplyr[39m::[32mrecode()[39m masks [34marules[39m::recode()
[31mx[39m [34mtidyr[39m::[32munpack()[39m masks [34mMatrix[39m::unpack()
"
"0","library(recommenderlab)"
"0","library(Matrix)"
